{
"1":" Bạn là một nhà lãnh đạo bẩm sinh, luôn muốn tự do suy nghĩ và hành động. Bạn là người có trách nhiệm với những nhiệm vụ được giao và những người mà bạn yêu quý. Một khi bạn quyết tâm làm một việc gì đó, bạn không cho phép bất cứ điều gì hoặc bất cứ ai cản đường bạn
Đặc điểm:
- Bạn sáng tạo và luôn có tinh thần cầu tiến.
- Bạn tự lập và cần mẫn.
- Bạn can đảm và không sợ khó khăn để đạt được mục tiêu của mình.
- Bạn quan tâm đến hình ảnh của bản thân.
- Bạn muốn tự do, tự chủ trong công việc.
- Bạn là người có cá tính mạnh, tượng trưng cho những người tiên phong và cải cách. - Bạn muốn mình trở thành người ảnh hưởng và ít nhờ sự hỗ trợ từ người khác.
- Bạn kiên định, thật khó khiến bạn thay đổi một khi bạn đã quyết định.
- Bạn tốt bụng và rộng lượng nhưng thường không thích thể hiện ra bên ngoài. ",
"2":"Số ngày sinh cho thấy cách bạn quan sát, cảm nhận thế giới và những ấn tượng của người khác về bạn
- Bạn hòa đồng, biết cách hợp tác và có tinh thần đồng đội tốt.
- Bạn có biệt tài tìm kiếm giải pháp, bạn có thể nhìn rõ các khía cạnh của vấn đề với trực giác nhạy bén và tính công bằng của mình.",
"3":"Số đường đời 3 tượng trưng cho năng lượng, nhiệt huyết và cảm hứng. Bạn có khả năng tư duy, nhạy bén, lên kế hoạch và ghi nhớ. Số đường đời 3 gắn với sáng tạo, kết nối, thích được lắng nghe và có phong cách nghệ sĩ.
Đặc điểm:
- Bạn là người có xu hướng thiên về hoạt động xã hội.
- Bạn thích truyền cảm hứng cho những người khác.
- Bạn có tư chất của nhà tư vấn thiên bẩm, luôn nhìn thấy tiềm năng của người khác. - Bạn thích sự tự do và không thích làm những công việc thiếu tính sáng tạo.
- Bạn nhanh nhẹn và nhanh trí nên khi ai đó chậm chạp, có thể bạn sẽ dễ cáu giận.
- Bạn có lòng nhiệt thành và khả năng lôi cuốn người khác.
- Bạn hóm hỉnh, khôn khéo và trung dung.
- Bạn thích có được sự chú ý nổi bật giữa đám đông.
- Bạn cầu tiến, có sự am hiểu hiểu sâu sắc và chú trọng đến phát triển trí tuệ.
- Bạn biểu hiện là người học nhanh trong hầu hết lĩnh vực thiên về nghệ thuật.
- Bạn là người hào phóng và không quan tâm nhiều đến việc thu chi quá chi tiết.",
"4":"Số “4” là con số của trí tuệ nên bạn sinh ra đã là 1 Người Thầy. Bạn thường nhìn đời với lăng kính của một trí thức và thích làm việc có kế hoạch.
Đặc điểm:
- Bạn ngăn nắp, trật tự, và kỷ luật,
- Bạn siêng năng và có khả năng tổ chức tốt.
- Bạn là một người thực tế, bạn biết đưa ra những giải pháp hợp lý để giải quyết những vấn đề của mình từng bước một.
- Bạn thường thích cách tiếp cận kiểu chính thống hơn kiểu trải nghiệm mạo hiểm phiêu lưu.
- Bạn luôn tìm kiếm sự thật của vấn đề.
- Gia đình là một phần không thể thiếu của bạn.
- Số “4” có nền tảng sống vững chãi, thường không bị ám ảnh bởi nhu cầu tiền tài: bạn chỉ là muốn có tài sản vừa đủ để đảm bảo tương lai.
- Bạn yêu cầu sự trung thực, đặc biệt là trong các mối quan hệ.
- Bạn là một người chân thành trong mối quan hệ và rất thành thật khi yêu.
- Khi học một thứ gì đó, bạn luôn hạ quyết tâm phải trở thành chuyên gia về nó - đó là lý do vì sao số “4” là những người thầy tuyệt vời.",
"5":"Đường đời của bạn có rất nhiều sự thú vị. Bạn thích phiêu lưu, trải nghiệm và gặp gỡ những người bạn mới. Bạn mong muốn có một cuộc sống tự do như một chú chim bay lượn trên bầu trời để làm những điều mình thích. Bạn chán ghét sự đơn điệu, thích làm nhiều việc cùng lúc và háo hức với những điều mới mẻ trong cuộc sống.
Đặc điểm:
- Bạn mang trong mình bản tính vui vẻ và phóng khoáng.
- Bạn thích tự do, yêu phiêu lưu và khám phá và sống với mục tiêu theo đuổi được du lịch khắp mọi nơi.
- Bạn không chịu được sự nhàm chán và ràng buộc.
- Bạn có khả năng thu hút đám đông và sức hút kết nối tự nhiên.
- Bạn thích truyền cảm hứng, ảnh hưởng lên người khác bằng xúc cảm và năng lượng của mình.
- Bạn thường có trực giác rất tốt, với cảm xúc sâu sắc và tư duy nghệ thuật cao.
- Bạn thu hút và năng động nhất khi được tự do diễn đạt những gì mình đang ấp ủ.
- Bạn ủng hộ lối sống cuộc đời vui vẻ và cũng muốn người khác sống vui vẻ.
- Bạn không thích cảm giác bị qua mặt.
- Số “5” giàu lòng nhân ái, một khi thấy có sự bất công dù có thể không trực tiếp giúp được nhưng bạn luôn nghĩ cách tích cực để tác động lên người khác.
- Bạn là một người đa tài, khi bạn nỗ lực kỷ luật và tập trung, bạn có thể thành công ở mọi lĩnh vực bạn mong muốn.",

"6":"Số Đường đời 6 là những “phụ huynh” bẩm sinh, người luôn quan tâm đến người khác dưới cái nhìn của bậc làm cha làm mẹ. Số “6” quan niệm rằng: Tình yêu và hôn nhân là không thể tách rời. Bạn tin rằng, để một gia đình tế bào khỏe mạnh, hạnh phúc, việc cần làm là dành nhiều thời gian hơn cho người thân thay vì sự tập trung bên ngoài.
Đặc điểm:
- Bạn là một người có tinh thần trách nhiệm cao.
- Bạn đề cao sự hòa thuận, hợp tác và đoàn kết trong gia đình.
- Bạn luôn muốn bảo bọc và thấu hiểu những người thân của mình một cách trọn vẹn.
- Với số “6”, nhà là nơi quan trọng nhất, nó chiếm một khoảng thời gian khá lớn của bạn.
- Bạn đầy lòng yêu thương, bao dung và rất ghét sự bất công.
- Bạn xuất sắc trong các lĩnh vực liên quan đến sáng tạo cũng như khả năng chăm sóc người khác.
- Bạn có sức hút tự nhiên mãnh liệt không thể cưỡng lại.
- Số “6” cần có sự nghiệp riêng của mình, bởi vì bạn khó mà làm việc dưới trướng người khác (do đặc tính tư duy của bậc cha mẹ).
- Bạn luôn trung thành và đáng tin cậy trong các mối quan hệ.
- Người khác tin tưởng bạn vì bạn là một người an toàn và biết giữ bí mật.
Một điều thú vị là bạn thường hay động lòng trắc ẩn, nhưng một khi đã không thích hoặc không thoải mái với mối quan hệ của mình bạn sẽ tỏ ra vẻ lạnh lùng.",
"7":"Số 7 là con số của lý trí, độc lập, kín đáo và rất khó để thuyết phục. Bạn có óc phân tích, khả năng trực giác và có khuynh hướng tự nhiên đối với các hoạt động tâm linh. Bạn là người khôn ngoan, hiếu học và có xu hướng trở nên hoàn hảo và cũng mong đợi như vậy đối với những người xung quanh.
Đặc điểm:
- Bạn sáng dạ, thông minh và đầy nhiệt huyết.
- Bạn có trí tuệ và sự thấu hiểu sâu sắc, trực giác mạnh mẽ và có thể nhìn thấy những điều cần thiết mà người khác chưa thấy.
- Người số “7” cần có một định hướng về đức tin từ nhỏ vì điều này sẽ là hành trang xuyên suốt trải nghiệm cuộc đời của mình.
- Bạn có khả năng vô tận trong việc học hỏi thông qua những điều đích thân bạn trải nghiệm đưa đến những triết lý sống sâu sắc.
- Bạn dễ lĩnh hội được những giá trị tốt đẹp qua chiêm nghiệm, và những trải nghiệm thực tế.
- Bạn có xu hướng trung thành, chính trực trong các mối quan hệ.
- Bạn đôi khi cảm thấy khó mở lời bộc lộ cảm xúc hoặc khen tặng người mình yêu thương.
- Bạn là người trân trọng vẻ đẹp tự nhiên, niềm yêu thích lạ kỳ với những thứ giản đơn.
- Bạn thích được tự chủ trong môi trường làm việc, công việc với bạn là niềm đam mê và bạn luôn hết lòng vì nó.
- Người ngoài có đôi khi cho rằng bạn lạnh lùng và khó gần nhưng thực ra bạn chỉ muốn lùi lại một chút để dễ dàng quan sát thế giới hơn.
- Dù bạn yêu thích sự riêng tư của bản thân nhưng sự quyến rũ và sự thu hút của bạn không khó để thấy.",
"8":"Số “8” tượng trưng cho cho quyền lực, của cải vật chất, cầu tiến, và sự thận trọng. Một người với số “8” sẽ làm việc chăm chỉ để đạt được mục tiêu. Người này có thể trở thành một nhà quản lý doanh nghiệp và lãnh đạo giỏi. Họ phát triển bằng cách làm việc chăm chỉ, và dễ trở thành một người nghiện công việc hơn bất kì con số cuộc đời nào khác. Họ rất hứng thú với việc quản lý tiền bạc và có một tinh thần làm việc có thể giúp họ trở nên giàu có.
- Bạn có kỹ năng quản lý cuộc sống rất tốt, đặc biệt là trong các lĩnh vực kinh doanh và tài chính.
- Bạn có trực giác tốt trong việc xác định tài năng chính ở những người xung quanh bạn thu hút đúng người vào nhóm của mình.
- Bạn có yêu cầu cao về sự giàu sang và thoải mái.
- Bạn đề cao địa vị và vị trí xã hội.
- Số “8” tìm kiếm tự do dựa trên nền tảng tài chính bền vững. Bạn không thích rơi vào cảnh túng thiếu tiền bạc.
- Bạn thường sẽ tìm cách để có tiền đầy túi - nhưng không bao giờ chấp nhận rủi ro.
- Bạn thuộc tuýp người tham công tiếc việc điển hình, cách bạn quan tâm là đảm bảo lo vật chất cho gia đình của mình.
- Bạn sẵn sàng hy sinh bất cứ điều gì cho những người bạn yêu thương.
- Bạn thẳng thắn, đôi khi không quan tâm đến cảm nhận của người nghe, điều này dễ làm người khác hiểu lầm bạn lạnh lùng và khắt khe.
- Số Đường đời “8” cho rằng xung đột và tranh cãi là điều bình thường trong cuộc sống, nhưng có một thứ bạn không thể chịu được đó là sự thiếu chung thủy.
- Tính độc lập và quá sắc sảo của bạn được thể hiện ra ngoài thành một thái độ tương đối lạnh lùng khiến người khác nghĩ bạn thờ ơ.",
"9":"Số ngày sinh cho thấy cách bạn quan sát, cảm nhận thế giới và những ấn tượng của người khác về bạn
- Bạn có tư duy mở, thích sự lãng mạn và giàu lòng nhân ái.
- Bạn tháo vát, là một người có trách nhiệm và hoài bão.
- Bạn là con người của xã hội, bạn rất hay được người khác yêu mến và ngưỡng mộ.
- Bạn thân thiện, đáng tin cậy, và mọi người luôn tin là bạn có thể giúp được họ.
- Bạn có tầm nhìn xa rộng về thế giới, bạn dễ đoán được toàn bộ kế hoạch lớn của mọi thứ, đôi khi l",
"11":"Bạn có khả năng thiên phú trong việc hướng dẫn và truyền cảm hứng cho người khác. Sự hiện diện của bạn như tiếp thêm nguồn năng lượng xung quanh. Đường đời số 11/2 có một mức độ tâm linh đặc biệt cao bao quanh, làm cho những ai sinh ra dưới con số này dễ có một tiềm năng phát triển Tầng Ý thức cao rất mạnh. Ý tưởng, suy nghĩ, sự hiểu biết và cái nhìn sâu sắc đến với bạn một cách tự nhiên như một món quà của vũ trụ.
Đặc điểm:
- Bạn thông minh, có trí tuệ và sự nhạy bén.
- Bạn có khả năng tư duy và xác định được mục tiêu tầm nhìn.
- Bạn nhạy cảm và có khả năng khích lệ mọi người.
- Bạn là người đáng tin cậy, mọi người rất nghe lời bạn và tin tưởng ý kiến của bạn
- Bạn có linh cảm tốt, sức thuyết phục cao.
- Bạn yêu những gì tinh tế, vẻ đẹp và giá trị văn hóa của đời sống.
- Bạn không quá chú trọng vào giá trị vật chất và tham vọng.
- Bạn có xu hướng tâm linh và có trực giác mạnh mẽ.
- Bạn xem trọng nền tảng giá trị đạo đức.
- Bạn chân thật, công tâm, chân thành với một tình cảm sâu đậm dành cho gia đình và bạn bè.
-Bạn giỏi quảng giao và luôn muốn giúp đỡ người khác
- Bạn hòa ái và dịu dàng với người mà bạn yêu quý.
- Bạn hòa đồng và biết cách tạo ra sự hài hòa giữa các ý kiến đa dạng."
}